Accession	Title	Platform	Total bases	Create date	SRA URL	SRA filename	SRA nice filename	FastQ URL	FastQ Aspera URL	FastQ filename	FastQ nice filename
SRR006787	Other Sequencing of house mouse	Illumina Genome Analyzer	239	1233640800000	ftp://ftp-trace.ncbi.nlm.nih.gov/sra/sra-instant/reads/ByRun/sra/SRR/SRR006/SRR006787/SRR006787.sra	SRR006787.sra	SRR006787_Other_Sequencing_of_house_mouse.sra	ftp://ftp.sra.ebi.ac.uk/vol1/fastq/SRR006/SRR006787/SRR006787.fastq.gz	era-fasp@fasp.sra.ebi.ac.uk:vol1/fastq/SRR006/SRR006787/SRR006787.fastq.gz	SRR006787.fastq.gz	SRR006787_Other_Sequencing_of_house_mouse.fastq.gz
SRR006786	Other Sequencing of house mouse	Illumina Genome Analyzer	3772	1233640800000	ftp://ftp-trace.ncbi.nlm.nih.gov/sra/sra-instant/reads/ByRun/sra/SRR/SRR006/SRR006786/SRR006786.sra	SRR006786.sra	SRR006786_Other_Sequencing_of_house_mouse.sra	ftp://ftp.sra.ebi.ac.uk/vol1/fastq/SRR006/SRR006786/SRR006786.fastq.gz	era-fasp@fasp.sra.ebi.ac.uk:vol1/fastq/SRR006/SRR006786/SRR006786.fastq.gz	SRR006786.fastq.gz	SRR006786_Other_Sequencing_of_house_mouse.fastq.gz
SRR007433	Other Sequencing of house mouse	Illumina Genome Analyzer	2973	1233640800000	ftp://ftp-trace.ncbi.nlm.nih.gov/sra/sra-instant/reads/ByRun/sra/SRR/SRR007/SRR007433/SRR007433.sra	SRR007433.sra	SRR007433_Other_Sequencing_of_house_mouse.sra	ftp://ftp.sra.ebi.ac.uk/vol1/fastq/SRR007/SRR007433/SRR007433.fastq.gz	era-fasp@fasp.sra.ebi.ac.uk:vol1/fastq/SRR007/SRR007433/SRR007433.fastq.gz	SRR007433.fastq.gz	SRR007433_Other_Sequencing_of_house_mouse.fastq.gz
SRR006814	Other Sequencing of house mouse	Illumina Genome Analyzer	240	1233640800000	ftp://ftp-trace.ncbi.nlm.nih.gov/sra/sra-instant/reads/ByRun/sra/SRR/SRR006/SRR006814/SRR006814.sra	SRR006814.sra	SRR006814_Other_Sequencing_of_house_mouse.sra	ftp://ftp.sra.ebi.ac.uk/vol1/fastq/SRR006/SRR006814/SRR006814.fastq.gz	era-fasp@fasp.sra.ebi.ac.uk:vol1/fastq/SRR006/SRR006814/SRR006814.fastq.gz	SRR006814.fastq.gz	SRR006814_Other_Sequencing_of_house_mouse.fastq.gz
SRR006818	Other Sequencing of house mouse	Illumina Genome Analyzer	2565	1233640800000	ftp://ftp-trace.ncbi.nlm.nih.gov/sra/sra-instant/reads/ByRun/sra/SRR/SRR006/SRR006818/SRR006818.sra	SRR006818.sra	SRR006818_Other_Sequencing_of_house_mouse.sra	ftp://ftp.sra.ebi.ac.uk/vol1/fastq/SRR006/SRR006818/SRR006818.fastq.gz	era-fasp@fasp.sra.ebi.ac.uk:vol1/fastq/SRR006/SRR006818/SRR006818.fastq.gz	SRR006818.fastq.gz	SRR006818_Other_Sequencing_of_house_mouse.fastq.gz
SRR006817	Other Sequencing of house mouse	Illumina Genome Analyzer	646	1233640800000	ftp://ftp-trace.ncbi.nlm.nih.gov/sra/sra-instant/reads/ByRun/sra/SRR/SRR006/SRR006817/SRR006817.sra	SRR006817.sra	SRR006817_Other_Sequencing_of_house_mouse.sra	ftp://ftp.sra.ebi.ac.uk/vol1/fastq/SRR006/SRR006817/SRR006817.fastq.gz	era-fasp@fasp.sra.ebi.ac.uk:vol1/fastq/SRR006/SRR006817/SRR006817.fastq.gz	SRR006817.fastq.gz	SRR006817_Other_Sequencing_of_house_mouse.fastq.gz
SRR006816	Other Sequencing of house mouse	Illumina Genome Analyzer	181	1233640800000	ftp://ftp-trace.ncbi.nlm.nih.gov/sra/sra-instant/reads/ByRun/sra/SRR/SRR006/SRR006816/SRR006816.sra	SRR006816.sra	SRR006816_Other_Sequencing_of_house_mouse.sra	ftp://ftp.sra.ebi.ac.uk/vol1/fastq/SRR006/SRR006816/SRR006816.fastq.gz	era-fasp@fasp.sra.ebi.ac.uk:vol1/fastq/SRR006/SRR006816/SRR006816.fastq.gz	SRR006816.fastq.gz	SRR006816_Other_Sequencing_of_house_mouse.fastq.gz
SRR006813	Other Sequencing of house mouse	Illumina Genome Analyzer	667	1233640800000	ftp://ftp-trace.ncbi.nlm.nih.gov/sra/sra-instant/reads/ByRun/sra/SRR/SRR006/SRR006813/SRR006813.sra	SRR006813.sra	SRR006813_Other_Sequencing_of_house_mouse.sra	ftp://ftp.sra.ebi.ac.uk/vol1/fastq/SRR006/SRR006813/SRR006813.fastq.gz	era-fasp@fasp.sra.ebi.ac.uk:vol1/fastq/SRR006/SRR006813/SRR006813.fastq.gz	SRR006813.fastq.gz	SRR006813_Other_Sequencing_of_house_mouse.fastq.gz
SRR006815	Other Sequencing of house mouse	Illumina Genome Analyzer	655	1233640800000	ftp://ftp-trace.ncbi.nlm.nih.gov/sra/sra-instant/reads/ByRun/sra/SRR/SRR006/SRR006815/SRR006815.sra	SRR006815.sra	SRR006815_Other_Sequencing_of_house_mouse.sra	ftp://ftp.sra.ebi.ac.uk/vol1/fastq/SRR006/SRR006815/SRR006815.fastq.gz	era-fasp@fasp.sra.ebi.ac.uk:vol1/fastq/SRR006/SRR006815/SRR006815.fastq.gz	SRR006815.fastq.gz	SRR006815_Other_Sequencing_of_house_mouse.fastq.gz
SRR006849	Other Sequencing of house mouse	Illumina Genome Analyzer	2398	1233640800000	ftp://ftp-trace.ncbi.nlm.nih.gov/sra/sra-instant/reads/ByRun/sra/SRR/SRR006/SRR006849/SRR006849.sra	SRR006849.sra	SRR006849_Other_Sequencing_of_house_mouse.sra	ftp://ftp.sra.ebi.ac.uk/vol1/fastq/SRR006/SRR006849/SRR006849.fastq.gz	era-fasp@fasp.sra.ebi.ac.uk:vol1/fastq/SRR006/SRR006849/SRR006849.fastq.gz	SRR006849.fastq.gz	SRR006849_Other_Sequencing_of_house_mouse.fastq.gz
SRR006806	Other Sequencing of house mouse	Illumina Genome Analyzer	2769	1233640800000	ftp://ftp-trace.ncbi.nlm.nih.gov/sra/sra-instant/reads/ByRun/sra/SRR/SRR006/SRR006806/SRR006806.sra	SRR006806.sra	SRR006806_Other_Sequencing_of_house_mouse.sra	ftp://ftp.sra.ebi.ac.uk/vol1/fastq/SRR006/SRR006806/SRR006806.fastq.gz	era-fasp@fasp.sra.ebi.ac.uk:vol1/fastq/SRR006/SRR006806/SRR006806.fastq.gz	SRR006806.fastq.gz	SRR006806_Other_Sequencing_of_house_mouse.fastq.gz
SRR007434	Other Sequencing of house mouse	Illumina Genome Analyzer	2817	1233640800000	ftp://ftp-trace.ncbi.nlm.nih.gov/sra/sra-instant/reads/ByRun/sra/SRR/SRR007/SRR007434/SRR007434.sra	SRR007434.sra	SRR007434_Other_Sequencing_of_house_mouse.sra	ftp://ftp.sra.ebi.ac.uk/vol1/fastq/SRR007/SRR007434/SRR007434.fastq.gz	era-fasp@fasp.sra.ebi.ac.uk:vol1/fastq/SRR007/SRR007434/SRR007434.fastq.gz	SRR007434.fastq.gz	SRR007434_Other_Sequencing_of_house_mouse.fastq.gz
SRR006789	Other Sequencing of house mouse	Illumina Genome Analyzer	201	1233640800000	ftp://ftp-trace.ncbi.nlm.nih.gov/sra/sra-instant/reads/ByRun/sra/SRR/SRR006/SRR006789/SRR006789.sra	SRR006789.sra	SRR006789_Other_Sequencing_of_house_mouse.sra	ftp://ftp.sra.ebi.ac.uk/vol1/fastq/SRR006/SRR006789/SRR006789.fastq.gz	era-fasp@fasp.sra.ebi.ac.uk:vol1/fastq/SRR006/SRR006789/SRR006789.fastq.gz	SRR006789.fastq.gz	SRR006789_Other_Sequencing_of_house_mouse.fastq.gz
SRR006828	Other Sequencing of house mouse	Illumina Genome Analyzer	196	1233640800000	ftp://ftp-trace.ncbi.nlm.nih.gov/sra/sra-instant/reads/ByRun/sra/SRR/SRR006/SRR006828/SRR006828.sra	SRR006828.sra	SRR006828_Other_Sequencing_of_house_mouse.sra	ftp://ftp.sra.ebi.ac.uk/vol1/fastq/SRR006/SRR006828/SRR006828.fastq.gz	era-fasp@fasp.sra.ebi.ac.uk:vol1/fastq/SRR006/SRR006828/SRR006828.fastq.gz	SRR006828.fastq.gz	SRR006828_Other_Sequencing_of_house_mouse.fastq.gz
SRR006848	Other Sequencing of house mouse	Illumina Genome Analyzer	2516	1233640800000	ftp://ftp-trace.ncbi.nlm.nih.gov/sra/sra-instant/reads/ByRun/sra/SRR/SRR006/SRR006848/SRR006848.sra	SRR006848.sra	SRR006848_Other_Sequencing_of_house_mouse.sra	ftp://ftp.sra.ebi.ac.uk/vol1/fastq/SRR006/SRR006848/SRR006848.fastq.gz	era-fasp@fasp.sra.ebi.ac.uk:vol1/fastq/SRR006/SRR006848/SRR006848.fastq.gz	SRR006848.fastq.gz	SRR006848_Other_Sequencing_of_house_mouse.fastq.gz
SRR006829	Other Sequencing of house mouse	Illumina Genome Analyzer	197	1233640800000	ftp://ftp-trace.ncbi.nlm.nih.gov/sra/sra-instant/reads/ByRun/sra/SRR/SRR006/SRR006829/SRR006829.sra	SRR006829.sra	SRR006829_Other_Sequencing_of_house_mouse.sra	ftp://ftp.sra.ebi.ac.uk/vol1/fastq/SRR006/SRR006829/SRR006829.fastq.gz	era-fasp@fasp.sra.ebi.ac.uk:vol1/fastq/SRR006/SRR006829/SRR006829.fastq.gz	SRR006829.fastq.gz	SRR006829_Other_Sequencing_of_house_mouse.fastq.gz
SRR006805	Other Sequencing of house mouse	Illumina Genome Analyzer	2529	1233640800000	ftp://ftp-trace.ncbi.nlm.nih.gov/sra/sra-instant/reads/ByRun/sra/SRR/SRR006/SRR006805/SRR006805.sra	SRR006805.sra	SRR006805_Other_Sequencing_of_house_mouse.sra	ftp://ftp.sra.ebi.ac.uk/vol1/fastq/SRR006/SRR006805/SRR006805.fastq.gz	era-fasp@fasp.sra.ebi.ac.uk:vol1/fastq/SRR006/SRR006805/SRR006805.fastq.gz	SRR006805.fastq.gz	SRR006805_Other_Sequencing_of_house_mouse.fastq.gz
SRR006830	Other Sequencing of house mouse	Illumina Genome Analyzer	514	1233640800000	ftp://ftp-trace.ncbi.nlm.nih.gov/sra/sra-instant/reads/ByRun/sra/SRR/SRR006/SRR006830/SRR006830.sra	SRR006830.sra	SRR006830_Other_Sequencing_of_house_mouse.sra	ftp://ftp.sra.ebi.ac.uk/vol1/fastq/SRR006/SRR006830/SRR006830.fastq.gz	era-fasp@fasp.sra.ebi.ac.uk:vol1/fastq/SRR006/SRR006830/SRR006830.fastq.gz	SRR006830.fastq.gz	SRR006830_Other_Sequencing_of_house_mouse.fastq.gz
SRR006888	Other Sequencing of house mouse	Illumina Genome Analyzer	2070	1233640800000	ftp://ftp-trace.ncbi.nlm.nih.gov/sra/sra-instant/reads/ByRun/sra/SRR/SRR006/SRR006888/SRR006888.sra	SRR006888.sra	SRR006888_Other_Sequencing_of_house_mouse.sra	ftp://ftp.sra.ebi.ac.uk/vol1/fastq/SRR006/SRR006888/SRR006888.fastq.gz	era-fasp@fasp.sra.ebi.ac.uk:vol1/fastq/SRR006/SRR006888/SRR006888.fastq.gz	SRR006888.fastq.gz	SRR006888_Other_Sequencing_of_house_mouse.fastq.gz
SRR006831	Other Sequencing of house mouse	Illumina Genome Analyzer	2801	1233640800000	ftp://ftp-trace.ncbi.nlm.nih.gov/sra/sra-instant/reads/ByRun/sra/SRR/SRR006/SRR006831/SRR006831.sra	SRR006831.sra	SRR006831_Other_Sequencing_of_house_mouse.sra	ftp://ftp.sra.ebi.ac.uk/vol1/fastq/SRR006/SRR006831/SRR006831.fastq.gz	era-fasp@fasp.sra.ebi.ac.uk:vol1/fastq/SRR006/SRR006831/SRR006831.fastq.gz	SRR006831.fastq.gz	SRR006831_Other_Sequencing_of_house_mouse.fastq.gz
SRR006832	Other Sequencing of house mouse	Illumina Genome Analyzer	2785	1233640800000	ftp://ftp-trace.ncbi.nlm.nih.gov/sra/sra-instant/reads/ByRun/sra/SRR/SRR006/SRR006832/SRR006832.sra	SRR006832.sra	SRR006832_Other_Sequencing_of_house_mouse.sra	ftp://ftp.sra.ebi.ac.uk/vol1/fastq/SRR006/SRR006832/SRR006832.fastq.gz	era-fasp@fasp.sra.ebi.ac.uk:vol1/fastq/SRR006/SRR006832/SRR006832.fastq.gz	SRR006832.fastq.gz	SRR006832_Other_Sequencing_of_house_mouse.fastq.gz
SRR006889	Other Sequencing of house mouse	Illumina Genome Analyzer	5801	1233640800000	ftp://ftp-trace.ncbi.nlm.nih.gov/sra/sra-instant/reads/ByRun/sra/SRR/SRR006/SRR006889/SRR006889.sra	SRR006889.sra	SRR006889_Other_Sequencing_of_house_mouse.sra	ftp://ftp.sra.ebi.ac.uk/vol1/fastq/SRR006/SRR006889/SRR006889.fastq.gz	era-fasp@fasp.sra.ebi.ac.uk:vol1/fastq/SRR006/SRR006889/SRR006889.fastq.gz	SRR006889.fastq.gz	SRR006889_Other_Sequencing_of_house_mouse.fastq.gz
SRR007334	Other Sequencing of house mouse	Illumina Genome Analyzer	2695	1233640800000	ftp://ftp-trace.ncbi.nlm.nih.gov/sra/sra-instant/reads/ByRun/sra/SRR/SRR007/SRR007334/SRR007334.sra	SRR007334.sra	SRR007334_Other_Sequencing_of_house_mouse.sra	ftp://ftp.sra.ebi.ac.uk/vol1/fastq/SRR007/SRR007334/SRR007334.fastq.gz	era-fasp@fasp.sra.ebi.ac.uk:vol1/fastq/SRR007/SRR007334/SRR007334.fastq.gz	SRR007334.fastq.gz	SRR007334_Other_Sequencing_of_house_mouse.fastq.gz
SRR007435	Other Sequencing of house mouse	Illumina Genome Analyzer	3230	1233640800000	ftp://ftp-trace.ncbi.nlm.nih.gov/sra/sra-instant/reads/ByRun/sra/SRR/SRR007/SRR007435/SRR007435.sra	SRR007435.sra	SRR007435_Other_Sequencing_of_house_mouse.sra	ftp://ftp.sra.ebi.ac.uk/vol1/fastq/SRR007/SRR007435/SRR007435.fastq.gz	era-fasp@fasp.sra.ebi.ac.uk:vol1/fastq/SRR007/SRR007435/SRR007435.fastq.gz	SRR007435.fastq.gz	SRR007435_Other_Sequencing_of_house_mouse.fastq.gz
SRR007333	Other Sequencing of house mouse	Illumina Genome Analyzer	5150	1233640800000	ftp://ftp-trace.ncbi.nlm.nih.gov/sra/sra-instant/reads/ByRun/sra/SRR/SRR007/SRR007333/SRR007333.sra	SRR007333.sra	SRR007333_Other_Sequencing_of_house_mouse.sra	ftp://ftp.sra.ebi.ac.uk/vol1/fastq/SRR007/SRR007333/SRR007333.fastq.gz	era-fasp@fasp.sra.ebi.ac.uk:vol1/fastq/SRR007/SRR007333/SRR007333.fastq.gz	SRR007333.fastq.gz	SRR007333_Other_Sequencing_of_house_mouse.fastq.gz
SRR007436	Other Sequencing of house mouse	Illumina Genome Analyzer	2286	1233640800000	ftp://ftp-trace.ncbi.nlm.nih.gov/sra/sra-instant/reads/ByRun/sra/SRR/SRR007/SRR007436/SRR007436.sra	SRR007436.sra	SRR007436_Other_Sequencing_of_house_mouse.sra	ftp://ftp.sra.ebi.ac.uk/vol1/fastq/SRR007/SRR007436/SRR007436.fastq.gz	era-fasp@fasp.sra.ebi.ac.uk:vol1/fastq/SRR007/SRR007436/SRR007436.fastq.gz	SRR007436.fastq.gz	SRR007436_Other_Sequencing_of_house_mouse.fastq.gz
SRR007426	Other Sequencing of house mouse	Illumina Genome Analyzer	4661	1233640800000	ftp://ftp-trace.ncbi.nlm.nih.gov/sra/sra-instant/reads/ByRun/sra/SRR/SRR007/SRR007426/SRR007426.sra	SRR007426.sra	SRR007426_Other_Sequencing_of_house_mouse.sra	ftp://ftp.sra.ebi.ac.uk/vol1/fastq/SRR007/SRR007426/SRR007426.fastq.gz	era-fasp@fasp.sra.ebi.ac.uk:vol1/fastq/SRR007/SRR007426/SRR007426.fastq.gz	SRR007426.fastq.gz	SRR007426_Other_Sequencing_of_house_mouse.fastq.gz
SRR007425	Other Sequencing of house mouse	Illumina Genome Analyzer	2440	1233640800000	ftp://ftp-trace.ncbi.nlm.nih.gov/sra/sra-instant/reads/ByRun/sra/SRR/SRR007/SRR007425/SRR007425.sra	SRR007425.sra	SRR007425_Other_Sequencing_of_house_mouse.sra	ftp://ftp.sra.ebi.ac.uk/vol1/fastq/SRR007/SRR007425/SRR007425.fastq.gz	era-fasp@fasp.sra.ebi.ac.uk:vol1/fastq/SRR007/SRR007425/SRR007425.fastq.gz	SRR007425.fastq.gz	SRR007425_Other_Sequencing_of_house_mouse.fastq.gz
SRR007438	Other Sequencing of house mouse	Illumina Genome Analyzer	2451	1233640800000	ftp://ftp-trace.ncbi.nlm.nih.gov/sra/sra-instant/reads/ByRun/sra/SRR/SRR007/SRR007438/SRR007438.sra	SRR007438.sra	SRR007438_Other_Sequencing_of_house_mouse.sra	ftp://ftp.sra.ebi.ac.uk/vol1/fastq/SRR007/SRR007438/SRR007438.fastq.gz	era-fasp@fasp.sra.ebi.ac.uk:vol1/fastq/SRR007/SRR007438/SRR007438.fastq.gz	SRR007438.fastq.gz	SRR007438_Other_Sequencing_of_house_mouse.fastq.gz
SRR007428	Other Sequencing of house mouse	Illumina Genome Analyzer	4762	1233640800000	ftp://ftp-trace.ncbi.nlm.nih.gov/sra/sra-instant/reads/ByRun/sra/SRR/SRR007/SRR007428/SRR007428.sra	SRR007428.sra	SRR007428_Other_Sequencing_of_house_mouse.sra	ftp://ftp.sra.ebi.ac.uk/vol1/fastq/SRR007/SRR007428/SRR007428.fastq.gz	era-fasp@fasp.sra.ebi.ac.uk:vol1/fastq/SRR007/SRR007428/SRR007428.fastq.gz	SRR007428.fastq.gz	SRR007428_Other_Sequencing_of_house_mouse.fastq.gz
SRR007437	Other Sequencing of house mouse	Illumina Genome Analyzer	3460	1233640800000	ftp://ftp-trace.ncbi.nlm.nih.gov/sra/sra-instant/reads/ByRun/sra/SRR/SRR007/SRR007437/SRR007437.sra	SRR007437.sra	SRR007437_Other_Sequencing_of_house_mouse.sra	ftp://ftp.sra.ebi.ac.uk/vol1/fastq/SRR007/SRR007437/SRR007437.fastq.gz	era-fasp@fasp.sra.ebi.ac.uk:vol1/fastq/SRR007/SRR007437/SRR007437.fastq.gz	SRR007437.fastq.gz	SRR007437_Other_Sequencing_of_house_mouse.fastq.gz
SRR006792	Other Sequencing of house mouse	Illumina Genome Analyzer	3219	1233640800000	ftp://ftp-trace.ncbi.nlm.nih.gov/sra/sra-instant/reads/ByRun/sra/SRR/SRR006/SRR006792/SRR006792.sra	SRR006792.sra	SRR006792_Other_Sequencing_of_house_mouse.sra	ftp://ftp.sra.ebi.ac.uk/vol1/fastq/SRR006/SRR006792/SRR006792.fastq.gz	era-fasp@fasp.sra.ebi.ac.uk:vol1/fastq/SRR006/SRR006792/SRR006792.fastq.gz	SRR006792.fastq.gz	SRR006792_Other_Sequencing_of_house_mouse.fastq.gz
SRR007427	Other Sequencing of house mouse	Illumina Genome Analyzer	267	1233640800000	ftp://ftp-trace.ncbi.nlm.nih.gov/sra/sra-instant/reads/ByRun/sra/SRR/SRR007/SRR007427/SRR007427.sra	SRR007427.sra	SRR007427_Other_Sequencing_of_house_mouse.sra	ftp://ftp.sra.ebi.ac.uk/vol1/fastq/SRR007/SRR007427/SRR007427.fastq.gz	era-fasp@fasp.sra.ebi.ac.uk:vol1/fastq/SRR007/SRR007427/SRR007427.fastq.gz	SRR007427.fastq.gz	SRR007427_Other_Sequencing_of_house_mouse.fastq.gz
SRR006793	Other Sequencing of house mouse	Illumina Genome Analyzer	745	1233640800000	ftp://ftp-trace.ncbi.nlm.nih.gov/sra/sra-instant/reads/ByRun/sra/SRR/SRR006/SRR006793/SRR006793.sra	SRR006793.sra	SRR006793_Other_Sequencing_of_house_mouse.sra	ftp://ftp.sra.ebi.ac.uk/vol1/fastq/SRR006/SRR006793/SRR006793.fastq.gz	era-fasp@fasp.sra.ebi.ac.uk:vol1/fastq/SRR006/SRR006793/SRR006793.fastq.gz	SRR006793.fastq.gz	SRR006793_Other_Sequencing_of_house_mouse.fastq.gz
SRR007430	Other Sequencing of house mouse	Illumina Genome Analyzer	2622	1233640800000	ftp://ftp-trace.ncbi.nlm.nih.gov/sra/sra-instant/reads/ByRun/sra/SRR/SRR007/SRR007430/SRR007430.sra	SRR007430.sra	SRR007430_Other_Sequencing_of_house_mouse.sra	ftp://ftp.sra.ebi.ac.uk/vol1/fastq/SRR007/SRR007430/SRR007430.fastq.gz	era-fasp@fasp.sra.ebi.ac.uk:vol1/fastq/SRR007/SRR007430/SRR007430.fastq.gz	SRR007430.fastq.gz	SRR007430_Other_Sequencing_of_house_mouse.fastq.gz
SRR007439	Other Sequencing of house mouse	Illumina Genome Analyzer	4955	1233640800000	ftp://ftp-trace.ncbi.nlm.nih.gov/sra/sra-instant/reads/ByRun/sra/SRR/SRR007/SRR007439/SRR007439.sra	SRR007439.sra	SRR007439_Other_Sequencing_of_house_mouse.sra	ftp://ftp.sra.ebi.ac.uk/vol1/fastq/SRR007/SRR007439/SRR007439.fastq.gz	era-fasp@fasp.sra.ebi.ac.uk:vol1/fastq/SRR007/SRR007439/SRR007439.fastq.gz	SRR007439.fastq.gz	SRR007439_Other_Sequencing_of_house_mouse.fastq.gz
SRR007440	Other Sequencing of house mouse	Illumina Genome Analyzer	3842	1233640800000	ftp://ftp-trace.ncbi.nlm.nih.gov/sra/sra-instant/reads/ByRun/sra/SRR/SRR007/SRR007440/SRR007440.sra	SRR007440.sra	SRR007440_Other_Sequencing_of_house_mouse.sra	ftp://ftp.sra.ebi.ac.uk/vol1/fastq/SRR007/SRR007440/SRR007440.fastq.gz	era-fasp@fasp.sra.ebi.ac.uk:vol1/fastq/SRR007/SRR007440/SRR007440.fastq.gz	SRR007440.fastq.gz	SRR007440_Other_Sequencing_of_house_mouse.fastq.gz
SRR007441	Other Sequencing of house mouse	Illumina Genome Analyzer	4779	1233640800000	ftp://ftp-trace.ncbi.nlm.nih.gov/sra/sra-instant/reads/ByRun/sra/SRR/SRR007/SRR007441/SRR007441.sra	SRR007441.sra	SRR007441_Other_Sequencing_of_house_mouse.sra	ftp://ftp.sra.ebi.ac.uk/vol1/fastq/SRR007/SRR007441/SRR007441.fastq.gz	era-fasp@fasp.sra.ebi.ac.uk:vol1/fastq/SRR007/SRR007441/SRR007441.fastq.gz	SRR007441.fastq.gz	SRR007441_Other_Sequencing_of_house_mouse.fastq.gz
SRR007429	Other Sequencing of house mouse	Illumina Genome Analyzer	5190	1233640800000	ftp://ftp-trace.ncbi.nlm.nih.gov/sra/sra-instant/reads/ByRun/sra/SRR/SRR007/SRR007429/SRR007429.sra	SRR007429.sra	SRR007429_Other_Sequencing_of_house_mouse.sra	ftp://ftp.sra.ebi.ac.uk/vol1/fastq/SRR007/SRR007429/SRR007429.fastq.gz	era-fasp@fasp.sra.ebi.ac.uk:vol1/fastq/SRR007/SRR007429/SRR007429.fastq.gz	SRR007429.fastq.gz	SRR007429_Other_Sequencing_of_house_mouse.fastq.gz
SRR006837	Other Sequencing of house mouse	Illumina Genome Analyzer	2471	1233640800000	ftp://ftp-trace.ncbi.nlm.nih.gov/sra/sra-instant/reads/ByRun/sra/SRR/SRR006/SRR006837/SRR006837.sra	SRR006837.sra	SRR006837_Other_Sequencing_of_house_mouse.sra	ftp://ftp.sra.ebi.ac.uk/vol1/fastq/SRR006/SRR006837/SRR006837.fastq.gz	era-fasp@fasp.sra.ebi.ac.uk:vol1/fastq/SRR006/SRR006837/SRR006837.fastq.gz	SRR006837.fastq.gz	SRR006837_Other_Sequencing_of_house_mouse.fastq.gz
SRR006838	Other Sequencing of house mouse	Illumina Genome Analyzer	2399	1233640800000	ftp://ftp-trace.ncbi.nlm.nih.gov/sra/sra-instant/reads/ByRun/sra/SRR/SRR006/SRR006838/SRR006838.sra	SRR006838.sra	SRR006838_Other_Sequencing_of_house_mouse.sra	ftp://ftp.sra.ebi.ac.uk/vol1/fastq/SRR006/SRR006838/SRR006838.fastq.gz	era-fasp@fasp.sra.ebi.ac.uk:vol1/fastq/SRR006/SRR006838/SRR006838.fastq.gz	SRR006838.fastq.gz	SRR006838_Other_Sequencing_of_house_mouse.fastq.gz
SRR007442	Other Sequencing of house mouse	Illumina Genome Analyzer	4063	1233640800000	ftp://ftp-trace.ncbi.nlm.nih.gov/sra/sra-instant/reads/ByRun/sra/SRR/SRR007/SRR007442/SRR007442.sra	SRR007442.sra	SRR007442_Other_Sequencing_of_house_mouse.sra	ftp://ftp.sra.ebi.ac.uk/vol1/fastq/SRR007/SRR007442/SRR007442.fastq.gz	era-fasp@fasp.sra.ebi.ac.uk:vol1/fastq/SRR007/SRR007442/SRR007442.fastq.gz	SRR007442.fastq.gz	SRR007442_Other_Sequencing_of_house_mouse.fastq.gz
SRR006836	Other Sequencing of house mouse	Illumina Genome Analyzer	380	1233640800000	ftp://ftp-trace.ncbi.nlm.nih.gov/sra/sra-instant/reads/ByRun/sra/SRR/SRR006/SRR006836/SRR006836.sra	SRR006836.sra	SRR006836_Other_Sequencing_of_house_mouse.sra	ftp://ftp.sra.ebi.ac.uk/vol1/fastq/SRR006/SRR006836/SRR006836.fastq.gz	era-fasp@fasp.sra.ebi.ac.uk:vol1/fastq/SRR006/SRR006836/SRR006836.fastq.gz	SRR006836.fastq.gz	SRR006836_Other_Sequencing_of_house_mouse.fastq.gz
SRR007443	Other Sequencing of house mouse	Illumina Genome Analyzer	4679	1233640800000	ftp://ftp-trace.ncbi.nlm.nih.gov/sra/sra-instant/reads/ByRun/sra/SRR/SRR007/SRR007443/SRR007443.sra	SRR007443.sra	SRR007443_Other_Sequencing_of_house_mouse.sra	ftp://ftp.sra.ebi.ac.uk/vol1/fastq/SRR007/SRR007443/SRR007443.fastq.gz	era-fasp@fasp.sra.ebi.ac.uk:vol1/fastq/SRR007/SRR007443/SRR007443.fastq.gz	SRR007443.fastq.gz	SRR007443_Other_Sequencing_of_house_mouse.fastq.gz
SRR006835	Other Sequencing of house mouse	Illumina Genome Analyzer	2541	1233640800000	ftp://ftp-trace.ncbi.nlm.nih.gov/sra/sra-instant/reads/ByRun/sra/SRR/SRR006/SRR006835/SRR006835.sra	SRR006835.sra	SRR006835_Other_Sequencing_of_house_mouse.sra	ftp://ftp.sra.ebi.ac.uk/vol1/fastq/SRR006/SRR006835/SRR006835.fastq.gz	era-fasp@fasp.sra.ebi.ac.uk:vol1/fastq/SRR006/SRR006835/SRR006835.fastq.gz	SRR006835.fastq.gz	SRR006835_Other_Sequencing_of_house_mouse.fastq.gz
SRR006797	Other Sequencing of house mouse	Illumina Genome Analyzer	240	1233640800000	ftp://ftp-trace.ncbi.nlm.nih.gov/sra/sra-instant/reads/ByRun/sra/SRR/SRR006/SRR006797/SRR006797.sra	SRR006797.sra	SRR006797_Other_Sequencing_of_house_mouse.sra	ftp://ftp.sra.ebi.ac.uk/vol1/fastq/SRR006/SRR006797/SRR006797.fastq.gz	era-fasp@fasp.sra.ebi.ac.uk:vol1/fastq/SRR006/SRR006797/SRR006797.fastq.gz	SRR006797.fastq.gz	SRR006797_Other_Sequencing_of_house_mouse.fastq.gz
SRR007432	Other Sequencing of house mouse	Illumina Genome Analyzer	2687	1233640800000	ftp://ftp-trace.ncbi.nlm.nih.gov/sra/sra-instant/reads/ByRun/sra/SRR/SRR007/SRR007432/SRR007432.sra	SRR007432.sra	SRR007432_Other_Sequencing_of_house_mouse.sra	ftp://ftp.sra.ebi.ac.uk/vol1/fastq/SRR007/SRR007432/SRR007432.fastq.gz	era-fasp@fasp.sra.ebi.ac.uk:vol1/fastq/SRR007/SRR007432/SRR007432.fastq.gz	SRR007432.fastq.gz	SRR007432_Other_Sequencing_of_house_mouse.fastq.gz
SRR006799	Other Sequencing of house mouse	Illumina Genome Analyzer	2528	1233640800000	ftp://ftp-trace.ncbi.nlm.nih.gov/sra/sra-instant/reads/ByRun/sra/SRR/SRR006/SRR006799/SRR006799.sra	SRR006799.sra	SRR006799_Other_Sequencing_of_house_mouse.sra	ftp://ftp.sra.ebi.ac.uk/vol1/fastq/SRR006/SRR006799/SRR006799.fastq.gz	era-fasp@fasp.sra.ebi.ac.uk:vol1/fastq/SRR006/SRR006799/SRR006799.fastq.gz	SRR006799.fastq.gz	SRR006799_Other_Sequencing_of_house_mouse.fastq.gz
SRR006822	Other Sequencing of house mouse	Illumina Genome Analyzer	1853	1233640800000	ftp://ftp-trace.ncbi.nlm.nih.gov/sra/sra-instant/reads/ByRun/sra/SRR/SRR006/SRR006822/SRR006822.sra	SRR006822.sra	SRR006822_Other_Sequencing_of_house_mouse.sra	ftp://ftp.sra.ebi.ac.uk/vol1/fastq/SRR006/SRR006822/SRR006822.fastq.gz	era-fasp@fasp.sra.ebi.ac.uk:vol1/fastq/SRR006/SRR006822/SRR006822.fastq.gz	SRR006822.fastq.gz	SRR006822_Other_Sequencing_of_house_mouse.fastq.gz
SRR007444	Other Sequencing of house mouse	Illumina Genome Analyzer	4320	1233640800000	ftp://ftp-trace.ncbi.nlm.nih.gov/sra/sra-instant/reads/ByRun/sra/SRR/SRR007/SRR007444/SRR007444.sra	SRR007444.sra	SRR007444_Other_Sequencing_of_house_mouse.sra	ftp://ftp.sra.ebi.ac.uk/vol1/fastq/SRR007/SRR007444/SRR007444.fastq.gz	era-fasp@fasp.sra.ebi.ac.uk:vol1/fastq/SRR007/SRR007444/SRR007444.fastq.gz	SRR007444.fastq.gz	SRR007444_Other_Sequencing_of_house_mouse.fastq.gz
SRR007431	Other Sequencing of house mouse	Illumina Genome Analyzer	5177	1233640800000	ftp://ftp-trace.ncbi.nlm.nih.gov/sra/sra-instant/reads/ByRun/sra/SRR/SRR007/SRR007431/SRR007431.sra	SRR007431.sra	SRR007431_Other_Sequencing_of_house_mouse.sra	ftp://ftp.sra.ebi.ac.uk/vol1/fastq/SRR007/SRR007431/SRR007431.fastq.gz	era-fasp@fasp.sra.ebi.ac.uk:vol1/fastq/SRR007/SRR007431/SRR007431.fastq.gz	SRR007431.fastq.gz	SRR007431_Other_Sequencing_of_house_mouse.fastq.gz
SRR006823	Other Sequencing of house mouse	Illumina Genome Analyzer	2123	1233640800000	ftp://ftp-trace.ncbi.nlm.nih.gov/sra/sra-instant/reads/ByRun/sra/SRR/SRR006/SRR006823/SRR006823.sra	SRR006823.sra	SRR006823_Other_Sequencing_of_house_mouse.sra	ftp://ftp.sra.ebi.ac.uk/vol1/fastq/SRR006/SRR006823/SRR006823.fastq.gz	era-fasp@fasp.sra.ebi.ac.uk:vol1/fastq/SRR006/SRR006823/SRR006823.fastq.gz	SRR006823.fastq.gz	SRR006823_Other_Sequencing_of_house_mouse.fastq.gz
SRR006825	Other Sequencing of house mouse	Illumina Genome Analyzer	2207	1233640800000	ftp://ftp-trace.ncbi.nlm.nih.gov/sra/sra-instant/reads/ByRun/sra/SRR/SRR006/SRR006825/SRR006825.sra	SRR006825.sra	SRR006825_Other_Sequencing_of_house_mouse.sra	ftp://ftp.sra.ebi.ac.uk/vol1/fastq/SRR006/SRR006825/SRR006825.fastq.gz	era-fasp@fasp.sra.ebi.ac.uk:vol1/fastq/SRR006/SRR006825/SRR006825.fastq.gz	SRR006825.fastq.gz	SRR006825_Other_Sequencing_of_house_mouse.fastq.gz
SRR006824	Other Sequencing of house mouse	Illumina Genome Analyzer	2489	1233640800000	ftp://ftp-trace.ncbi.nlm.nih.gov/sra/sra-instant/reads/ByRun/sra/SRR/SRR006/SRR006824/SRR006824.sra	SRR006824.sra	SRR006824_Other_Sequencing_of_house_mouse.sra	ftp://ftp.sra.ebi.ac.uk/vol1/fastq/SRR006/SRR006824/SRR006824.fastq.gz	era-fasp@fasp.sra.ebi.ac.uk:vol1/fastq/SRR006/SRR006824/SRR006824.fastq.gz	SRR006824.fastq.gz	SRR006824_Other_Sequencing_of_house_mouse.fastq.gz
